<?xml version="1.0" encoding="UTF-8"?>
<project-private xmlns="http://www.netbeans.org/ns/project-private/1">
    <editor-bookmarks xmlns="http://www.netbeans.org/ns/editor-bookmarks/2" lastBookmarkId="0"/>
    <open-files xmlns="http://www.netbeans.org/ns/projectui-open-files/2">
        <group>
            <file>file://up.ist.local/Users/hmk5180/Documents/NetBeansProjects/CredentialManager/src/credentialmanager/LoginCtrl.java</file>
            <file>file://up.ist.local/Users/hmk5180/Documents/NetBeansProjects/CredentialManager/src/credentialmanager/LoginMenu.java</file>
            <file>file://up.ist.local/Users/hmk5180/Documents/NetBeansProjects/CredentialManager/src/credentialmanager/AppMenu.java</file>
            <file>file://up.ist.local/Users/hmk5180/Documents/NetBeansProjects/CredentialManager/src/credentialmanager/CredentialManager.java</file>
            <file>file://up.ist.local/Users/hmk5180/Documents/NetBeansProjects/CredentialManager/src/credentialmanager/UserList.java</file>
            <file>file://up.ist.local/Users/hmk5180/Documents/NetBeansProjects/CredentialManager/src/credentialmanager/NavigationCtrl.java</file>
            <file>file://up.ist.local/Users/hmk5180/Documents/NetBeansProjects/CredentialManager/src/credentialmanager/User.java</file>
        </group>
    </open-files>
</project-private>
