<?xml version="1.0" encoding="UTF-8"?>
<project-private xmlns="http://www.netbeans.org/ns/project-private/1">
    <editor-bookmarks xmlns="http://www.netbeans.org/ns/editor-bookmarks/2" lastBookmarkId="0"/>
    <open-files xmlns="http://www.netbeans.org/ns/projectui-open-files/2">
        <group>
            <file>file:/V:/Desktop/CredentialManager/CredentialManager/src/credentialmanager/AccountView.java</file>
            <file>file:/V:/Desktop/CredentialManager/CredentialManager/src/credentialmanager/LoginCtrl.java</file>
            <file>file:/V:/Desktop/CredentialManager/CredentialManager/src/credentialmanager/Instruction</file>
            <file>file:/V:/Desktop/CredentialManager/CredentialManager/src/credentialmanager/UserList.java</file>
            <file>file:/V:/Desktop/CredentialManager/CredentialManager/src/credentialmanager/Account.java</file>
            <file>file:/V:/Desktop/CredentialManager/CredentialManager/src/credentialmanager/User.java</file>
        </group>
    </open-files>
</project-private>
