<?xml version="1.0" encoding="UTF-8"?>
<project-private xmlns="http://www.netbeans.org/ns/project-private/1">
    <editor-bookmarks xmlns="http://www.netbeans.org/ns/editor-bookmarks/2" lastBookmarkId="0"/>
    <open-files xmlns="http://www.netbeans.org/ns/projectui-open-files/2">
        <group>
            <file>file:/Users/Hyunsook/Desktop/App/CredentialManager/src/credentialmanager/User.java</file>
            <file>file:/Users/Hyunsook/Desktop/App/CredentialManager/src/credentialmanager/GeneratorView.java</file>
            <file>file:/Users/Hyunsook/Desktop/App/CredentialManager/src/credentialmanager/SearcherView.java</file>
            <file>file:/Users/Hyunsook/Desktop/App/CredentialManager/src/credentialmanager/Generator.java</file>
            <file>file:/Users/Hyunsook/Desktop/App/CredentialManager/src/credentialmanager/UserAccountView.java</file>
            <file>file:/Users/Hyunsook/Desktop/App/CredentialManager/src/credentialmanager/Account.java</file>
            <file>file:/Users/Hyunsook/Desktop/App/CredentialManager/src/credentialmanager/AccountListRenderer.java</file>
            <file>file:/Users/Hyunsook/Desktop/App/CredentialManager/src/credentialmanager/Searcher.java</file>
            <file>file:/Users/Hyunsook/Desktop/App/CredentialManager/src/credentialmanager/UserList.java</file>
            <file>file:/Users/Hyunsook/Desktop/App/CredentialManager/src/credentialmanager/AccountList.java</file>
        </group>
    </open-files>
</project-private>
