<?xml version="1.0" encoding="UTF-8"?>
<project-private xmlns="http://www.netbeans.org/ns/project-private/1">
    <editor-bookmarks xmlns="http://www.netbeans.org/ns/editor-bookmarks/2" lastBookmarkId="0"/>
    <open-files xmlns="http://www.netbeans.org/ns/projectui-open-files/2">
        <group>
            <file>file:/C:/Users/Zach/Documents/NetBeansProjects/CredentialManager-updated/CredentialManager/src/credentialmanager/AddAccountView.java</file>
            <file>file:/C:/Users/Zach/Documents/NetBeansProjects/CredentialManager-updated/CredentialManager/src/credentialmanager/UserList.java</file>
            <file>file:/C:/Users/Zach/Documents/NetBeansProjects/CredentialManager-updated/CredentialManager/src/credentialmanager/LoginMenu.java</file>
            <file>file:/C:/Users/Zach/Documents/NetBeansProjects/CredentialManager-updated/CredentialManager/src/credentialmanager/AccountCtrl.java</file>
            <file>file:/C:/Users/Zach/Documents/NetBeansProjects/CredentialManager-updated/CredentialManager/src/credentialmanager/LoginCtrl.java</file>
        </group>
    </open-files>
</project-private>
