<?xml version="1.0" encoding="UTF-8"?>
<project-private xmlns="http://www.netbeans.org/ns/project-private/1">
    <editor-bookmarks xmlns="http://www.netbeans.org/ns/editor-bookmarks/2" lastBookmarkId="0"/>
    <open-files xmlns="http://www.netbeans.org/ns/projectui-open-files/2">
        <group>
            <file>file:/V:/Desktop/Fall%202016/311/CredentialManager/CredentialManager/CredentialManager/src/credentialmanager/GeneratorView.java</file>
            <file>file:/V:/Desktop/Fall%202016/311/CredentialManager/CredentialManager/CredentialManager/src/credentialmanager/MainMenu.java</file>
        </group>
    </open-files>
</project-private>
