<?xml version="1.0" encoding="UTF-8"?>
<project-private xmlns="http://www.netbeans.org/ns/project-private/1">
    <editor-bookmarks xmlns="http://www.netbeans.org/ns/editor-bookmarks/2" lastBookmarkId="0"/>
    <open-files xmlns="http://www.netbeans.org/ns/projectui-open-files/2">
        <group>
            <file>file:/C:/Users/Zach/Documents/NetBeansProjects/CredentialManager/src/credentialmanager/RegisterMenu.java</file>
            <file>file:/C:/Users/Zach/Documents/NetBeansProjects/CredentialManager/src/credentialmanager/MainMenu.java</file>
            <file>file:/C:/Users/Zach/Documents/NetBeansProjects/CredentialManager/src/credentialmanager/RegisterCtrl.java</file>
            <file>file:/C:/Users/Zach/Documents/NetBeansProjects/CredentialManager/src/credentialmanager/Account.java</file>
            <file>file:/C:/Users/Zach/Documents/NetBeansProjects/CredentialManager/src/credentialmanager/AppMenu.java</file>
            <file>file:/C:/Users/Zach/Documents/NetBeansProjects/CredentialManager/src/credentialmanager/UserAccountView.java</file>
            <file>file:/C:/Users/Zach/Documents/NetBeansProjects/CredentialManager/src/credentialmanager/AccountListRenderer.java</file>
            <file>file:/C:/Users/Zach/Documents/NetBeansProjects/CredentialManager/src/credentialmanager/EditAccountView.java</file>
            <file>file:/C:/Users/Zach/Documents/NetBeansProjects/CredentialManager/src/credentialmanager/User.java</file>
            <file>file:/C:/Users/Zach/Documents/NetBeansProjects/CredentialManager/src/credentialmanager/UserList.java</file>
        </group>
    </open-files>
</project-private>
