<?xml version="1.0" encoding="UTF-8"?>
<project-private xmlns="http://www.netbeans.org/ns/project-private/1">
    <editor-bookmarks xmlns="http://www.netbeans.org/ns/editor-bookmarks/2" lastBookmarkId="0"/>
    <open-files xmlns="http://www.netbeans.org/ns/projectui-open-files/2">
        <group>
            <file>file:/X:/Downloads/CredentialManager-demo/CredentialManager/src/credentialmanager/User.java</file>
            <file>file:/X:/Downloads/CredentialManager-demo/CredentialManager/src/credentialmanager/LoginCtrl.java</file>
            <file>file:/X:/Downloads/CredentialManager-demo/CredentialManager/src/credentialmanager/MainMenu.java</file>
            <file>file:/X:/Downloads/CredentialManager-demo/CredentialManager/src/credentialmanager/Searcher.java</file>
            <file>file:/X:/Downloads/CredentialManager-demo/CredentialManager/src/credentialmanager/SearcherView.java</file>
            <file>file:/X:/Downloads/CredentialManager-demo/CredentialManager/src/credentialmanager/AccountTableModel.java</file>
            <file>file:/X:/Downloads/CredentialManager-demo/CredentialManager/src/credentialmanager/AccountListView.java</file>
            <file>file:/X:/Downloads/CredentialManager-demo/CredentialManager/src/credentialmanager/RegisterCtrl.java</file>
            <file>file:/X:/Downloads/CredentialManager-demo/CredentialManager/src/credentialmanager/RegisterMenu.java</file>
            <file>file:/X:/Downloads/CredentialManager-demo/CredentialManager/src/credentialmanager/Account.java</file>
            <file>file:/X:/Downloads/CredentialManager-demo/CredentialManager/src/credentialmanager/UserList.java</file>
            <file>file:/X:/Downloads/CredentialManager-demo/CredentialManager/src/credentialmanager/AddAccountView.java</file>
            <file>file:/X:/Downloads/CredentialManager-demo/CredentialManager/src/credentialmanager/LoginMenu.java</file>
            <file>file:/X:/Downloads/CredentialManager-demo/CredentialManager/src/credentialmanager/AccountCtrl.java</file>
            <file>file:/X:/Downloads/CredentialManager-demo/CredentialManager/src/credentialmanager/AccountList.java</file>
        </group>
    </open-files>
</project-private>
