<?xml version="1.0" encoding="UTF-8"?>
<project-private xmlns="http://www.netbeans.org/ns/project-private/1">
    <editor-bookmarks xmlns="http://www.netbeans.org/ns/editor-bookmarks/2" lastBookmarkId="0"/>
    <open-files xmlns="http://www.netbeans.org/ns/projectui-open-files/2">
        <group>
            <file>file:/X:/Downloads/CredentialManager7/CredentialManager/src/credentialmanager/Account.java</file>
            <file>file:/X:/Downloads/CredentialManager7/CredentialManager/src/credentialmanager/AccountList.java</file>
            <file>file:/X:/Downloads/CredentialManager7/CredentialManager/src/credentialmanager/Generator.java</file>
            <file>file:/X:/Downloads/CredentialManager7/CredentialManager/src/credentialmanager/Searcher.java</file>
            <file>file:/X:/Downloads/CredentialManager7/CredentialManager/src/credentialmanager/Cipher.java</file>
            <file>file:/X:/Downloads/CredentialManager7/CredentialManager/src/credentialmanager/SearcherView.java</file>
            <file>file:/X:/Downloads/CredentialManager7/CredentialManager/src/credentialmanager/AppMenu.java</file>
            <file>file:/X:/Downloads/CredentialManager7/CredentialManager/src/credentialmanager/GeneratorView.java</file>
            <file>file:/X:/Downloads/CredentialManager7/CredentialManager/src/credentialmanager/MainMenu.java</file>
            <file>file:/X:/Downloads/CredentialManager7/CredentialManager/src/credentialmanager/AccountView.java</file>
            <file>file:/X:/Downloads/CredentialManager7/CredentialManager/src/credentialmanager/AccountCtrl.java</file>
        </group>
    </open-files>
</project-private>
